<?xml version="1.0" encoding="utf-8"?><!--Published:70EDFC97-B41D-43C5-B751-7C00AD999804--><!--Created:cb85b80c-f585-40ff-8bfc-12ff4d0e34a9--><App xmlns="http://schemas.microsoft.com/sharepoint/2012/app/manifest" Name="Secure Collaboration Viewer App" ProductID="{1ca4980f-17f9-4bc7-ab86-9d777356e125}" SharePointMinVersion="15.0.0.0" Version="1.1.0.0">
  <Properties>
    <Title>Secure Collaboration Viewer App</Title>
    <StartPage>https://amami:8443/RMS/SharepointApp.jsp</StartPage>
  </Properties>
  <AppPrincipal>
    <RemoteWebApplication ClientId="e2b9f5cb-5e28-46d5-9e78-3a576676d64a"/>
  </AppPrincipal>
  <AppPermissionRequests>
    <AppPermissionRequest Right="FullControl" Scope="http://sharepoint/content/sitecollection/web"/>
    <AppPermissionRequest Right="FullControl" Scope="http://sharepoint/content/tenant"/>
    <AppPermissionRequest Right="FullControl" Scope="http://sharepoint/content/sitecollection"/>
    <AppPermissionRequest Right="FullControl" Scope="http://sharepoint/social/tenant"/>
  </AppPermissionRequests>
</App>